"brazilianRegion","codigo_referencia","ordem_autoria","ultimo_nome","Iniciais","nome_completo"
"Centro-Oeste","Centro-Oeste_1",1,"CHACON","R.G.","Roberta Gomes Chacon"
"Centro-Oeste","Centro-Oeste_1",2,"MARTINS","R.C.","Renata Corrêa Martins"
"Centro-Oeste","Centro-Oeste_1",3,"AZEVEDO","I.N.C.","Isaac Nuno Carvalho de Azevedo"
"Centro-Oeste","Centro-Oeste_1",4,"OLIVEIRA","M.S.","Mariana de Souza Oliveira"
"Centro-Oeste","Centro-Oeste_1",5,"PAIVA","V.F.","Valdina Ferreira de Paiva"
"Centro-Oeste","Centro-Oeste_2",1,"MUNHOZ","C.B.R.","Cássia Beatriz Rodrigues Munhoz"
"Centro-Oeste","Centro-Oeste_2",2,"EUGÊNIO","C.U.O.","Chesterton Ulysses Orlando Eugênio"
"Centro-Oeste","Centro-Oeste_2",3,"OLIVEIRA","R.C.","Regina Célia de Oliveira"
"Centro-Oeste","Centro-Oeste_3",1,"POTT","A.","Arnildo Pott"
"Centro-Oeste","Centro-Oeste_3",2,"POTT","V.J.","Vali Joana Pott"
"Centro-Oeste","Centro-Oeste_4",1,"DUBS","B.","Balthasar Dubs"
"Centro-Oeste","Centro-Oeste_5",1,"POTT","V.J.","Vali Joana Pott"
"Centro-Oeste","Centro-Oeste_5",2,"CERVI","A.C.","Armando Carlos"
"Centro-Oeste","Centro-Oeste_6",1,"BUENO","N.C.","Norma Catarina Bueno"
"Centro-Oeste","Centro-Oeste_6",2,"BICUDO","C.E.de M.","Carlos Eduardo de Mattos Bicudo"
"Centro-Oeste","Centro-Oeste_6",3,"BIOLO","S.","Stefania Biolo"
"Centro-Oeste","Centro-Oeste_6",4,"MEURER","T.","Thamis Meurer"
"Centro-Oeste","Centro-Oeste_7",1,"MENDONÇA","R.M.","Roberta Magalhaes Mendonça"
"Centro-Oeste","Centro-Oeste_7",2,"BOVE","C,P.","Claudia Petean bove"
"Centro-Oeste","Centro-Oeste_8",1,"CAVALCANTI","T.B.","Taciana Barbosa Cavalcanti"
"Centro-Oeste","Centro-Oeste_8",2,"GRAHAM","S.A","Shirley A, Graham"
"Centro-Oeste","Centro-Oeste_8",3,"SILVA","M.C.","Micheline Carvalho Silva"
"Centro-Oeste","Centro-Oeste_9",1,"SOUZA","V.C.","Vinicius Castro Souza"
"Centro-Oeste","Centro-Oeste_9",2,"SOUZA","J.P.","Juliana de Paula Souza"
"Centro-Oeste","Centro-Oeste_10",1,"WANDERLEY","M.G.L.","Maria das graças Lapa Wanderley"
"Centro-Oeste","Centro-Oeste_11",1,"ZARDINI","E.M.","Elza M. Zardini"
"Centro-Oeste","Centro-Oeste_11",2,"RAVEN","H.R.","Peter H. Raven"
"Centro-Oeste","Centro-Oeste_12",1,"GUIMARÂES","E.F.","Esie Franklin Guimarães"
"Centro-Oeste","Centro-Oeste_12",2,"SILVA","M.C.","Micheline Carvalho Silva"
"Centro-Oeste","Centro-Oeste_12",3,"CAVALCANTI","T.B.","Taciana Barbosa Cavalcanti"
"Centro-Oeste","Centro-Oeste_13",1,"ASSIS","M.C.","Marta Camargo de Assis"
"Centro-Oeste","Centro-Oeste_14",1,"Melo","E.","Efigênia de Melo"
"Centro-Oeste","Centro-Oeste_15",1,"POTT","V.J.","Vali Joana Pott"
"Centro-Oeste","Centro-Oeste_15",2,"POTT","A.","Arnildo Pott"
"Centro-Oeste","Centro-Oeste_16",1,"KUFNER","D.C.L.","Deborah Christiane Leite Kufner"
"Centro-Oeste","Centro-Oeste_16",2,"SCREMIN-DIAS","E.","Edna Scremin-Dias"
"Centro-Oeste","Centro-Oeste_16",3,"GUGLIERI-CAPORAL","A.","Adriana Guglieri-Caporal"
"Centro-Oeste","Centro-Oeste_17",1,"POTT","V.J.","Vali Joana Pott"
"Centro-Oeste","Centro-Oeste_17",2,"POTT","A.","Arnildo Pott"
"Centro-Oeste","Centro-Oeste_18",1,"PIVARI","M.O.D.","Marco Otávio Dias Pivari"
"Centro-Oeste","Centro-Oeste_18",2,"POTT","V.J.","Vali Joana Pott"
"Centro-Oeste","Centro-Oeste_18",3,"POTT","A.","Arnildo Pott"
"Centro-Oeste","Centro-Oeste_19",1,"MOREIRA","S.N.","Suzana Neves Moreira"
"Centro-Oeste","Centro-Oeste_20",1,"CUNHA","N.L.","Nicolai"
"Centro-Oeste","Centro-Oeste_20",2,"DELATORRE","M. ","Milena Delatorre"
"Centro-Oeste","Centro-Oeste_20",3,"RODRIGUES","R.B.",
"Centro-Oeste","Centro-Oeste_20",4,"VIDOTTO","C.","Camila Vidotto"
"Centro-Oeste","Centro-Oeste_20",5,"GONÇALVES","F.",
"Centro-Oeste","Centro-Oeste_20",6,"SCREMIN-DIAS","E.","Edna Scremin-Dias"
"Centro-Oeste","Centro-Oeste_20",7,"DAMASCENO-JUNIOR","G. A.","Geraldo Alves Damasceno Junior"
"Centro-Oeste","Centro-Oeste_20",8,"POTT","V.J.","Vali Joana Pott"
"Centro-Oeste","Centro-Oeste_20",9,"POTT","A.","Arnildo Pott"
"Centro-Oeste","Centro-Oeste_21",1,"POTT","V.J.","Vali Joana Pott"
"Centro-Oeste","Centro-Oeste_22",1,"LEHN","C.R.","Carlos Rodrigo Lehn"
"Centro-Oeste","Centro-Oeste_22",2,"BUENO","M.L.","Marcelo Leandro Bueno"
"Centro-Oeste","Centro-Oeste_22",3,"KUFNER","D.C.L.","Deborah Christiane Leite Kufner"
"Centro-Oeste","Centro-Oeste_22",4,"SCREMIN-DIAS","E.","Edna Scremin-Dias"
"Centro-Oeste","Centro-Oeste_22",5,"POTT","V.J.","Vali Joana Pott"
"Centro-Oeste","Centro-Oeste_22",6,"DAMASCENO-JUNIOR","G. A.","Geraldo Alves Damasceno Junior"
"Centro-Oeste","Centro-Oeste_23",1,"POTT","V.J.","Vali Joana Pott"
"Centro-Oeste","Centro-Oeste_24",1,"RESENDE","I.L.M.","Isa Lucia de Moraes Resende"
"Centro-Oeste","Centro-Oeste_25",1,"POTT","V.J","Vali Joana Pott"
"Centro-Oeste","Centro-Oeste_25",2,"POTT","A.","Arnildo Pott"
"Nordeste","Nordeste_1",1,"MATIAS","L.Q.","Lígia Queiroz Matias"
"Nordeste","Nordeste_1",2,"NUNES","E.P.","Edson Paula Nunes"
"Nordeste","Nordeste_2",1,"FRANÇA","F.","Flavio França"
"Nordeste","Nordeste_2",2,"MELO","E.","Efigênia de Melo"
"Nordeste","Nordeste_2",3,"NETO","A.G.","Aristóteles Góes Neto"
"Nordeste","Nordeste_2",4,"ARAÚJO","D.","Dióne Araújo"
"Nordeste","Nordeste_2",5,"BEZERRA","M.G.","Márcia G. Bezerra"
"Nordeste","Nordeste_2",6,"RAMOS","H.M.","Helayra M. Ramos"
"Nordeste","Nordeste_2",7,"CASTRO","I.","Ivan Castro"
"Nordeste","Nordeste_2",8,"GOMES","D.","Doriedson Gomes"
"Nordeste","Nordeste_3",1,"PEDRO","F.","Fabio Pedro"
"Nordeste","Nordeste_4",1,"MATIAS","L.Q.","Lígia Queiroz Matias"
"Nordeste","Nordeste_4",2,"AMADO","E.R.","Expedito Rômulo Amado"
"Nordeste","Nordeste_4",3,"NUNES","E.P.","Edson Paula NuneS"
"Nordeste","Nordeste_5",1,"NEVES","E.L.","Edinaldo Luz das Neves"
"Nordeste","Nordeste_5",2,"LEITE","K.R.B.","Kelly Regina B. Leite"
"Nordeste","Nordeste_5",3,"FRANÇA","F.","Flavio França"
"Nordeste","Nordeste_5",4,"MELO","E.","Efigênia de Melo"
"Nordeste","Nordeste_6",1,"PEDRO","F.","Fabio Pedro"
"Nordeste","Nordeste_6",2,"MALTCHIK","L.","Leonardo Maltchik"
"Nordeste","Nordeste_6",3,"BIANCHINI-JR","I.","Irineu Bianchini Júnior"
"Nordeste","Nordeste_7",1,"MOURA-JÚNIOR","E.G.","Edson Gomes de Moura-Júnior"
"Nordeste","Nordeste_7",2,"SILVA","S.S.L.","Simone Santos Lira Silva"
"Nordeste","Nordeste_7",3,"LIMA","L.F","Liliane Ferreira Lima"
"Nordeste","Nordeste_7",4,"LIMA","P.B","Patricia Barbosa Lima"
"Nordeste","Nordeste_7",5,"ALMEIDA-JÚNIOR","E.B.","Eduardo Bezerra de Almeida Júnior"
"Nordeste","Nordeste_7",6,"PESSOA","L.M.","Luciana Maranhão Pessoa"
"Nordeste","Nordeste_7",7,"SANTOS-FILHOS","F.S.","Francisco Soares Santos Filho"
"Nordeste","Nordeste_7",8,"MEDEIROS","D.P.W.","Daniel Portela Wanderley Medeiros"
"Nordeste","Nordeste_7",9,"PIMENTEL","R.M.R.","Rejane Magalhães de Mendonça Pimentel"
"Nordeste","Nordeste_7",10,"ZICKEL","C.S.","Carmen Silvia Zickel"
"Nordeste","Nordeste_8",1,"LIMA","L.F","Liliane Ferreira Lima"
"Nordeste","Nordeste_8",2,"LIMA","P.B","Patricia Barbosa Lima"
"Nordeste","Nordeste_8",3,"SOARES-JUNIOR","R.C.","Ricardo Cesar Soares Júnior"
"Nordeste","Nordeste_8",4,"PIMENTEL","R.M.R.","Rejane Magalhães de Mendonça Pimentel"
"Nordeste","Nordeste_8",5,"ZICKEL","C.S.","Carmen Silvia Zickel"
"Nordeste","Nordeste_9",1,"NASCIMENTO","P.R.F.","Paula Regina Fortunato do Nascimento"
"Nordeste","Nordeste_10",1,"MOURA-JÚNIOR","E.G.","Edson Gomes de Moura-Júnior"
"Nordeste","Nordeste_10",2,"ABREU","M.C.","Maria Carolina Abreu"
"Nordeste","Nordeste_10",3,"SEVERI","W.","William Severi"
"Nordeste","Nordeste_10",4,"LIRA","G.A.S.T","Giulliari Allan da Silva Tavares Lira"
"Nordeste","Nordeste_11",1,"HENRY-SILVA","G.G.","Gustavo Gonzaga Henry-Silva"
"Nordeste","Nordeste_11",2,"MOURA","R.S.T","Rodrigo Sávio Teixeira de Moura"
"Nordeste","Nordeste_11",3,"DANTAS","L.L.O","Luciana Lúcia de Oliveira Dantas"
"Nordeste","Nordeste_12",1,"SOBRAL-LEITE","M","Marcelo Sobral-Leite"
"Nordeste","Nordeste_12",2,"CAMPELO","M.J.A","Maria Jaciane de Almeida Campelo"
"Nordeste","Nordeste_12",3,"SIQUEIRA-FILHO","J.A","José Alves de Siqueira Filho"
"Nordeste","Nordeste_12",4,"SILVA","S.I.","Suzene Izídio da Silva"
"Nordeste","Nordeste_13",1,"MOURA-JÚNIOR","E.G.","Edson Gomes de Moura-Júnior"
"Nordeste","Nordeste_13",2,"LIMA","L.F.","Liliane Ferreira Lima"
"Nordeste","Nordeste_13",3,"LIMA","P.B","Patricia Barbosa Lima"
"Nordeste","Nordeste_13",4,"ALMEIDA-JÚNIOR","E.B.","Eduardo Bezerra de Almeida Júnior"
"Nordeste","Nordeste_13",5,"SANTOS-FILHO","F.S.","Francisco Soares Santos Filho"
"Nordeste","Nordeste_14",1,"MOURA-JÚNIOR","E.G.","Edson Gomes de Moura-Júnior"
"Nordeste","Nordeste_14",2,"ABREU","M.C.","Maria Carolina Abreu"
"Nordeste","Nordeste_14",3,"SEVERI","W.","William Severi"
"Nordeste","Nordeste_14",4,"LIRA","G.A.S.T","Giulliari Allan da Silva Tavares Lira"
"Nordeste","Nordeste_15",1,"LIMA","L.F.","Liliane Ferreira Lima"
"Nordeste","Nordeste_15",2,"SILVA","S.S.L.","Simone Santos Lira Silva"
"Nordeste","Nordeste_15",3,"MOURA-JÚNIOR","E.G.","Edson Gomes de Moura-Júnior"
"Nordeste","Nordeste_15",4,"ZICKEL","C.S.","Carmen Silvia Zickel"
"Nordeste","Nordeste_16",1,"SILVA","S.S.L.","Simone Santos Lira Silva"
"Nordeste","Nordeste_17",1,"CAMPELO","M.J.A.","Maria Jaciane de Almeida Campelo"
"Nordeste","Nordeste_17",2,"SIQUEIRA FILHO","J.A.","José Alves de Siqueira Filho"
"Nordeste","Nordeste_17",3,"COTARELLI","V.M.","Vinicius Messas Cotarelli"
"Nordeste","Nordeste_17",4,"SOUZA","E.B.","Elder Barbosa de Souza"
"Nordeste","Nordeste_17",5,"PIMENTA","W.A.","Wisy Alves Pimenta"
"Nordeste","Nordeste_17",6,"POTT","V.J","Vali Joana Pott"
"Nordeste","Nordeste_18",1,"ARAÚJO","E.S.","Elielton Souza Araújo"
"Nordeste","Nordeste_18",2,"SABINO","J.H.F","João Henrique Ferreira Sabino"
"Nordeste","Nordeste_18",3,"COTARELLI","V.M.","Vinicius Messas Cotarelli"
"Nordeste","Nordeste_18",4,"SIQUEIRA FILHO","J.A.","José Alves de Siqueira Filho"
"Nordeste","Nordeste_18",5,"CAMPELO","M.J.A.","Maria Jaciane de Almeida Campelo"
"Nordeste","Nordeste_19",1,"XAVIER","L.R.F.C.C.","Leonardo Rafael Chaves Coelho Xavier"
"Nordeste","Nordeste_19",2,"ARAÚJO","T.O.","Talita Oliveira Araújo"
"Nordeste","Nordeste_19",3,"NASCIMENTO","P.R.F.","Paula Regina Fortunato Nascimento"
"Nordeste","Nordeste_19",4,"PEREIRA","S.M.B.","Sonia Maria Barreto Pereira"
"Nordeste","Nordeste_20",1,"LIMA","E.A.","Elimar Alves de Lima"
"Nordeste","Nordeste_20",2,"MACHADO-FILHO","H.O.","Hermes de Oliveira Machado-Filho"
"Nordeste","Nordeste_20",3,"MELHO","J.I.M.","José Iranildo Miranda de Melo"
"Nordeste","Nordeste_21",1,"CORDEIRO","W.P.F.S.","Wesley Patrício Freire de Sá Cordeiro"
"Nordeste","Nordeste_21",2,"ZICKEL","C.S.","Carmen Sílvia Zíckel"
"Nordeste","Nordeste_21",3,"MATOS","S.S.","Samara Silva de Matos"
"Nordeste","Nordeste_21",4,"CALDAS","D.R.M.","Débora Rafaela Menezes Caldas"
"Nordeste","Nordeste_21",5,"JÚNIOR","M.M.","Mauro de Melo Júnior"
"Nordeste","Nordeste_21",6,"GOMES","A.P.S.","Ana Paula de Souza Gomes"
"Nordeste","Nordeste_21",7,"MELO","A.L.","André Laurênio de Melo"
"Nordeste","Nordeste_22",1,"ANDRADE","I.M.","Ivanilza Moreira de Andrade"
"Nordeste","Nordeste_22",2,"SILVA","M.F.S.","Maria Francilene Souza Silva"
"Nordeste","Nordeste_22",3,"COSTA","M.C.A.","Maria da Coneição Alves da Costa"
"Nordeste","Nordeste_22",4,"MAYO","S.J.","Simon Joseph Mayo"
"Nordeste","Nordeste_23",1,"LACET","J.B.","Júlia Brito Lacet"
"Nordeste","Nordeste_23",2,"LYCARIÃO","T.A.","Thainá Alves Lycarião"
"Nordeste","Nordeste_23",3,"DANTAS","E.W.","Ênio Wocyli Dantas"
"Nordeste","Nordeste_24",1,"SANTOS","V.V.","Valéria Veronica dos Santos"
"Nordeste","Nordeste_24",2,"BARROS","I.C.L.","Iva Carneiro Leão Barros"
"Nordeste","Nordeste_24",3,"JÚNIOR","A.M.M.","Alfredo Matos Moura Júnior"
"Nordeste","Nordeste_24",4,"SEVERI","W.","William Severi"
"Nordeste","Nordeste_24",5,"MAGALHÃES","K.M.","Karine Matos Magalhães"
"Nordeste","Nordeste_25",1,"AONA","L.Y.S.","Lidyanne Yurico Saleme Aona"
"Nordeste","Nordeste_25",2,"COSTA","G.M.","Grênivel Mota da Costa"
"Nordeste","Nordeste_25",3,"AMARAL","M.C.E.","Maria do Carmo E. do Amaral"
"Nordeste","Nordeste_25",4,"FARIA","A.D.","Aparecida Donisete de Faria"
"Nordeste","Nordeste_25",5,"DUARTE","E.F.","Edson Ferreira Duarte"
"Nordeste","Nordeste_25",6,"BITTRICH","V.B.","Volker Bittrich"
"Nordeste","Nordeste_26",1,"SABINO","J.H.F","João Henrique Ferreira Sabino"
"Nordeste","Nordeste_26",2,"ARAÚJO","E.S.","Elielton Souza Araújo"
"Nordeste","Nordeste_26",3,"COTARELLI","V.M.","Vinicius Messas Cotarelli"
"Nordeste","Nordeste_26",4,"SIQUEIRA FILHO","J.A.","José Alves de Siqueira Filho"
"Nordeste","Nordeste_26",5,"CAMPELO","M.J.A.","Maria Jaciane de Almeida Campelo"
"Nordeste","Nordeste_27",1,"SOUSA","P.S.","Patrícia da Silva Souza"
"Nordeste","Nordeste_27",2,"RODRIGUES","P.S.","Poliana de Souza Rodrigues"
"Nordeste","Nordeste_27",3,"SILVA","A.P.J.","Ana Patrícia de Jesus Silva"
"Nordeste","Nordeste_27",4,"MOURA","A.I.","Amália Ibiapino Moura"
"Nordeste","Nordeste_27",5,"ALMEIDA JUNIOR","E.B.","Eduardo Bezerra de Almeida Junior"
"Nordeste","Nordeste_27",6,"ABREU","M.C.","Maria Carolina de Abreu"
"Nordeste","Nordeste_28",1,"XAVIER","L.R.F.C.C.","Leonardo Rafael Chaves Coelho Xavier"
"Nordeste","Nordeste_28",2,"SCHERNER","F.","Fernando Scherner"
"Nordeste","Nordeste_28",3,"BURGOS","D.C.","Douglas C. Burgos"
"Nordeste","Nordeste_28",4,"BARRETO","R.C.","Roxana C. Barreto"
"Nordeste","Nordeste_28",5,"PEREIRA","S.M.B.","Sonia Maria Barreto Pereira"
"Nordeste","Nordeste_29",1,"MOURA-JÚNIOR","E.G.","Edson Gomes de Moura-Júnior"
"Nordeste","Nordeste_29",2,"POTT","A.","Arnildo Pott"
"Nordeste","Nordeste_29",3,"SEVERI","W.","William Severi"
"Nordeste","Nordeste_29",4,"ZICKEL","C.S.","Carmen Silvia Zickel"
"Norte","Norte_1",1,"Albuquerque","B.W.P","Byron W.P. de Albuquerque"
"Norte","Norte_2",1,"Junk","W.J.","Wolfgang Johannes Junk"
"Norte","Norte_2",2,"Piedade","M.T.F.","Maria Teresa Fernandez Piedade"
"Norte","Norte_3",1,"Junk","W.J.","Wolfgang Johannes Junk"
"Norte","Norte_3",2,"Piedade","M.T.F.","Maria Teresa Fernandez Piedade"
"Norte","Norte_4",1,"Nunes","A.L.","Ana Lúcia Nunes"
"Norte","Norte_4",2,"Adis","J.","Joachim Adis"
"Norte","Norte_4",3,"Mello","J.A.S.N","José Alberto Sampaio Nunes de Mello"
"Norte","Norte_5",1,"Tomaz","D.O","Débora de Oliveira Thomaz"
"Norte","Norte_5",2,"Costa Neto","S.V","Salustiano Vilar da Costa Neto"
"Norte","Norte_5",3,"Tostes","L.C.L","Luciedi de Cássia Leôncio Tostes"
"Norte","Norte_6",1,"Junk","W.J.","Wolfgang Johannes Junk"
"Norte","Norte_6",2,"Howard-Williams","C.","C. Howard-Williams"
"Norte","Norte_7",1,"Howard-Williams","C.","C. Howard-Williams"
"Norte","Norte_7",2,"Junk","W.J.","Wolfgang Johannes Junk"
"Norte","Norte_8",1,"Piedade","M.T.F.","Maria Teresa Fernandez Piedade"
"Norte","Norte_8",2,"Schöngart","J.","Jochen Schöngart"
"Norte","Norte_8",3,"Junk","W.J.","Wolfgang Johannes Junk"
"Norte","Norte_9",1,"Lopes","A.","Aline Lopes"
"Norte","Norte_9",2,"Silva","N.F.","Naara Ferreira da Silva"
"Norte","Norte_9",3,"Pantoja","P.O.","Pauline Oliveira Pantoja"
"Norte","Norte_9",4,"Crema","L.C","Luciana Carvalho Crema"
"Norte","Norte_9",5,"Ferreira","A.B.","Aurélia Bentes Ferreira"
"Norte","Norte_9",6,"Cruz","J.","Jefferson Cruz"
"Norte","Norte_9",7,"Piedade","M.T.F.","Maria Teresa Fernandez Piedade"
"Norte","Norte_10",1,"Costa Neto","S.V","Salustiano Vilar da Costa Neto"
"Norte","Norte_10",2,"Senna","C.S.F.","Cristina do Socorro Fernandes Senna"
"Norte","Norte_10",3,"Tostes","L.C.L","Luciedi de Cássia Leôncio Tostes"
"Norte","Norte_10",4,"Silva","S.R.M.","Sandro Rogério Mendes da Silva"
"Norte","Norte_11",1,"Barbosa","K.M.N.","Keillah Mara do Nascimento Barbosa"
"Norte","Norte_11",2,"Piedade","M.T.F.","Maria Teresa Fernandez Piedade"
"Norte","Norte_11",3,"Kirchner","F.F.","Flávio Felipe"
"Norte","Norte_12",1,"Rocha","A.E.S.","Antônio Elielson Sousa da Rocha"
"Norte","Norte_12",2,"Lins","A.L.F.A.","Alba Lúcia Ferreira de Almeida Lins"
"Norte","Norte_13",1,"Piedade","M.T.F.","Maria Teresa Fernandez Piedade"
"Norte","Norte_13",2,"Junk","W.J.","Wolfgang Johannes Junk"
"Norte","Norte_13",3,"D'angelo","S.A","Sammya Agra D’Ângelo"
"Norte","Norte_13",4,"Wittmann","F.","Florian Wittmann"
"Norte","Norte_13",5,"Schöngart","J.","Jochen Schöngart"
"Norte","Norte_13",6,"Barbosa","K.M.N.","Keillah Mara do Nascimento Barbosa"
"Norte","Norte_13",7,"Lopes","A.","Aline Lopes"
"Norte","Norte_15",1,"Bianchini Junior","I.","Irineu Bianchini Junior"
"Norte","Norte_15",2,"Cunha-Santino","M.B.","Marcela B. Cunha-Santiago"
"Norte","Norte_15",3,"Fushita","A.T.","Ângela T. Fushita"
"Norte","Norte_15",4,"Almeida","D.A.A.","D. Augusto A.Almeida"
"Norte","Norte_15",5,"Maia","A.T.","Adão T. Maia"
"Norte","Norte_14",1,"Lolis","S.F.","S.F. Lolis"
"Norte","Norte_14",2,"Thomaz","S.M.","S.M.Thomaz"
"Norte","Norte_16",1,"Souza","L.S","Lucas Simão de Souza"
"Norte","Norte_16",2,"Nunes","R.O.","Reginaldo Oliveira Nunes"
"Norte","Norte_17",1,"Oliveira","A.L.R.","Adriana Luiza Ribeiro de Oliveira"
"Norte","Norte_17",2,"Gil","A.S.B.","André dos Santos Bragança Gil"
"Norte","Norte_17",3,"Bove","C.P.","Claudia Petean Bove"
"Norte","Norte_18",1,"Conserva","A.","Auristela Conserva"
"Norte","Norte_18",2,"Piedade","M.T.F.","Maria Teresa Fernandez Piedade"
"Norte","Norte_19",1,"Pinheiro","M.N.M.","Maria das Neves Magalhães Pinheiro"
"Norte","Norte_19",2,"Hortêncio","M.M.","Maiene Magalhães Hortêncio"
"Norte","Norte_19",3,"Evangelista","R.A.O.","Renato Augusto Oliveira Evangelista"
"Norte","Norte_20",1,"Soares","M.G.M.","Maria Gercilia Mota SOARES"
"Norte","Norte_20",2,"Freitas","C.E.C.","Carlos Edwar Carvalho FREITAS"
"Norte","Norte_20",3,"Oliveira","A.C.B."," Ana Cristina Belarmino de OLIVEIRA"
"Norte","Norte_21",1,"Lopes","A.","Aline Lopes"
"Norte","Norte_21",2,"Wittmann","F.K.","Florian Wittmann"
"Norte","Norte_21",3,"Schöngart","J.","Jochen Schöngart"
"Norte","Norte_21",4,"Piedade","M.T.F.","Maria Teresa Fernandez Piedade"
"Norte","Norte_22",1,"Del Castillo","C.P.C.","Cívil Prisyla CASADO DEL CASTILLO"
"Norte","Norte_22",2,"Souza","M.M.","Michele Marques de Souza"
"Norte","Norte_22",3,"Campos","D.F.","Daniele Ferreira Campos"
"Norte","Norte_22",4,"Amaral Serique","K.K","Karla Katriny do Amarnal Serique"
"Norte","Norte_22",5,"Zuanon","J.A.S.","Jansen Alfredo Sampaio Zuanon"
"Norte","Norte_23",1,"Piedade","M.T.F.","Maria Teresa Fernandez Piedade"
"Norte","Norte_23",2,"Lopes","A.","Aline Lopes"
"Norte","Norte_23",3,"Demarchi","L.O.","Layon Oreste Demarchi"
"Norte","Norte_23",4,"Wittmann","F.K.","Florian Wittmann"
"Norte","Norte_23",5,"Schöngart","J.","Jochen Schöngart"
"Norte","Norte_23",6,"Junk","W.J.","Wolfgang Johannes Junk"
"Norte","Norte_23",7,"Cruz","J.","Jefferson Cruz"
"Norte","Norte_24",1,"Demarchi","L.O.","Layon Oreste Demarchi"
"Norte","Norte_24",2,"Lopes","A.","Aline Lopes"
"Norte","Norte_24",3,"Ferreira","A.B.","Aurélia Bentes Ferreira"
"Norte","Norte_24",4,"Piedade","M.T.F.","Maria Teresa Fernandez Piedade"
"Norte","Norte_25",1,"Costa ","S.M","Suzana Maria Costa "
"Norte","Norte_25",2,"Barbosa","T.D.M","Tiago Domingos Mouzinho Barbosa "
"Norte","Norte_25",3,"Bittrich","V.","Volker Bittrich"
"Norte","Norte_25",4,"Amaral","M.D.E","Maria do Carmo Estanislau do Amaral"
"Norte","Norte_26",1,"Souza","A.F.L","Antônio Fábio Lopes de Souza"
"Norte","Norte_26",2,"Vasconcelos","E.L.Q","Euclides Luis Queiroz de Vasconcelos"
"Norte","Norte_27",1,"Rodrigues","U.G.B.S","Úria Graziela Barroso de Souza Rodrigues "
"Norte","Norte_28",1,"Paiva","R.M.S.","Raíssa Maria Sampaio de Paiva"
"Norte","Norte_29",1,"Souza","D.A.","Diogo Alexandre de Souza"
"Norte","Norte_30",1,"Crema","L.C.","Luciana Carvalho Crema"
"Norte","Norte_31",1,"Pinheiro","M.N.M.","Maria das Neves Magalhães Pinheiro"
"Norte","Norte_32",1,"Lopes","A.","Aline Lopes"
"Norte","Norte_33",1,"Lins","A.L.F.A","Alba Lúcia F. de Almeida Lins"
"Norte","Norte_33",2,"Potiguara ","R.C.V","Raimunda C. de V. Potiguara "
"Norte","Norte_33",3,"Rosa","N.A.","Nelson Araujo Rosa "
"Norte","Norte_33",4,"Ribeiro","I.C.","Ilze Coelho Ribeiro"
"Norte","Norte_34",1,"Lopes","A.","Aline Lopes"
"Norte","Norte_34",2,"Parolin","P","Pia Parolin"
"Norte","Norte_34",3,"Piedade","M.T.F.","Maria Teresa Fernandez Piedade"
"Norte","Norte_35",1,"Costa","D.L.","Daniela Lemes da Costa "
"Norte","Norte_36",1,"Pazin","M.G.G","Michelle Gil Guterres Pazin"
"Norte","Norte_37",1,"Paiva","R.M.S.","Raissa Maria Sampaio de Paiva"
"Norte","Norte_38",1,"Neves","M.A.","Maria Aparecida Neves"
"Norte","Norte_39",1,"Lopes","A.","Aline Lopes"
"Norte","Norte_39",2,"Paula","J.D","Joana D'Arc de Paula"
"Norte","Norte_39",3,"Mardegan","S.M.","Silvia Mardegan"
"Norte","Norte_39",4,"Hamada","N.","Neusa Hamada"
"Norte","Norte_39",5,"Piedade","M.T.F.","Maria Teresa Fernandez Piedade"
"Norte","Norte_40",1,"Cunha-Santino","M.B.D","Marcela Bianchessi da Cunha-Santino"
"Norte","Norte_40",2,"Pacobahyba","L.D","Lucilia Dias Pacobahyba"
"Norte","Norte_40",3,"Bianchini Jr","I.","Irineu Bianchini Jr."
"Norte","Norte_41",1,"Pinheiro","E.P.","Eliana Pereira Pinheiro"
"Norte","Norte_41",2,"Lolis","S.F","Solange de F Lolis"
"Norte","Norte_42",1,"D'Angelo","S.A.","Sammya Agra D’Angelo"
"Norte","Norte_43",1,"Moraes","M.D.","Marta Dias de Moraes"
"Norte","Norte_43",2,"Liesenfeld","M.V.A","Marcus Vinicius Athaydes Liesenfeld"
"Norte","Norte_44",1,"Susçuarana","M.S.","Monik da Silveira Susçuarana"
"Norte","Norte_44",2,"Virgilio","L.R.","Lucena da Rocha Virgilio"
"Norte","Norte_44",3,"Vieira","L.J.S.V"," Lisandro Juno Soares Vieira"
"Norte","Norte_45",1,"Silva","J.V.H.","João Vitor Horácio da Silva"
"Norte","Norte_45",2,"Borges","A.K.P.","Ana Kleiber Pessoa Morais"
"Norte","Norte_45",3,"Morais","P.B.","Paula Benevides de Morais"
"Norte","Norte_45",4,"Picanço","A.P.","Aurélio Pessoa"
"Norte","Norte_46",1,"Rosa-Osman,","S.M.","Sônia Maciel da Rosa Osman "
"Norte","Norte_47",1,"Pantoja","P.O.","Pauline Pliveira Pamtoja"
"Norte","Norte_48",1,"Bianchini JR","I.","Irineu Bianchini Junior"
"Norte","Norte_48",2,"Pacobahyba","L.D.","Lucilia Dias Pacobahyba"
"Norte","Norte_48",3,"Cunha-Santino","M.B.","Marcela Bianchessi da Cunha-Santino"
"Norte","Norte_49",1,"Cunha-Santino","M.B.","Marcela Bianchessi da Cunha-Santino"
"Norte","Norte_49",2,"Pacobahyba","L.D.","Lucilia Dias Pacobahyba"
"Norte","Norte_49",3,"Bianchini JR","I.","Irineu Bianchini Junior"
"Norte","Norte_50",4,"Cunha-Santino","M.B.","Marcela Bianchessi da Cunha-Santino"
"Norte","Norte_50",5,"Pacobahyba","L.D.","Lucilia Dias Pacobahyba"
"Norte","Norte_50",6,"Bianchini JR","I.","Irineu Bianchini Junior"
"Norte","Norte_51",1,"Lopes","A.","Aline Lopes"
"Norte","Norte_52",1,"Howard-Williams","C.","C. Howard-Williams"
"Norte","Norte_52",2,"Junk","W.J.","Wolfgang Johannes Junk"
"Norte","Norte_53",1,"Borges","D.P.","Déborah Pereira Borges"
"Norte","Norte_53",2,"Santos","E.R.","Eduardo Ribeiro dos Santos"
"Norte","Norte_53",3,"Kobaiashi","J.T.","Josilaine Taeco Kobaiashi"
"Norte","Norte_54",1,"Pinheiro","M.N.M.","Maria das Neves Magalhães Pinheiro"
"Norte","Norte_54",2,"Hortêncio","M.M.","Maiene Magalhães Hortêncio"
"Norte","Norte_55",1,"Nakazono","E.M.","Erika M. Nakazono"
"Norte","Norte_55",2,"Piedade","M.T.F.","Maria Teresa Fernandez Piedade"
"Norte","Norte_56",1,"Enrich-Prast","A.","A. Enrich-Prast"
"Norte","Norte_56",2,"Esteves","F.A.","F.A. Esteves"
"Norte","Norte_57",1,"Tavares","A.S.","Aldaléa Sprada Tavares"
"Norte","Norte_57",2,"Trevisan","R.","Rafael Trevisan "
"Norte","Norte_57",3,"Ferreira","A.F","Fernando A. Ferreira"
"Norte","Norte_58",1,"Silva","C. J.","Carolina Joana da Silva"
"Norte","Norte_59",1,"Bleich","A.E.","Monica Elisa Bleich"
"Norte","Norte_59",2,"Piedade","A.T.F.","Maria Teresa Fernandez Piedade"
"Norte","Norte_59",3,"Knopki","P.B.","Patrícia Bianco Knopki"
"Norte","Norte_59",4,"Castro","N.G.D.","Nathália Góes Duarte de Castro"
"Norte","Norte_59",5,"Jati","S.R.","Sewbert Rodrigues Jati"
"Norte","Norte_59",6,"Sousa","R.N.","Rodrigo Nunes de Sousa"
"Norte","Norte_60",1,"Colares","I.G.","Ioni G. Colares"
"Norte","Norte_60",2,"Colares","E.P.","Elton P. Colares"
"Norte","Norte_61",1,"Macedo","E.G.","Eunice Gonçalves Macedo"
"Norte","Norte_61",2,"Santos-Filho","B.G.","Benedito Gomes dos Santos Filho "
"Norte","Norte_61",3,"Potiguara ","R.C.V","Raimunda C. de Vilhena Potiguara"
"Norte","Norte_61",4,"Santos","D.S.B.","Dora Suely Barbosa dos Santos"
"Norte","Norte_62",1,"Sánchez-Botero","J.I.","Jorge Iván Sánchez-Botero"
"Norte","Norte_62",2,"Farias","M.L.","Maristela Lima de Farias"
"Norte","Norte_62",3,"Piedade","M.T.F.","Maria Teresa Piedade"
"Norte","Norte_62",4,"Garcez","D.S.","Danielle Sequeira Garcez"
"Norte","Norte_63",1,"Junk","W.J.","Wolfgang Johannes Junk"
"Norte","Norte_63",2,"Furch","K.","Karin Furch"
"Norte","Norte_64",1,"Walker","I.","Ilse WALKER"
"Norte","Norte_64",2,"Miyai","R.","Roberto MIYAI"
"Norte","Norte_64",3,"Melo","M.D.A.","M. D. Amaral de MELO "
"Norte","Norte_65",1,"Junk","W.J.","Wolfgang J. Junk"
"Norte","Norte_65",2,"Robertson","B.A.","Bárbara A. Robertson"
"Norte","Norte_65",3,"Darwich","A.J.","Assad José Darwich"
"Norte","Norte_65",4,"Vieira","I.","lvanzir Vieira"
"Norte","Norte_66",1,"Gunkel","G,","G. Gunkel"
"Norte","Norte_66",2,"Lange","U.","U. Lange"
"Norte","Norte_66",3,"Walde","D.","D. Walde"
"Norte","Norte_66",4,"Rosa","J.W.C.","J.W.C. Rosa"
"Norte","Norte_67",1,"Guterres","M.G.","Michelle Gil Guterres"
"Norte","Norte_67",2,"Marmontel","M.","Miriam MARMONTEL"
"Norte","Norte_67",3,"Ayub","D.M.","Daniel Martins AYUB"
"Norte","Norte_67",4,"Singer","R.F.","Rosana Farias SINGER"
"Norte","Norte_67",5,"Singer","R.B.","Rodrigo Busto SINGER"
"Norte","Norte_68",1,"Pio","M.C.S.","Mauro Célio da Silveira PIO"
"Norte","Norte_68",2,"Souza","K.S.","Katiuscia dos Santos de SOUZA"
"Norte","Norte_68",3,"Santana","G.P.","Genilson Pereira SANTANA"
"Sudeste","Sudeste_1",1,"Amaral","M.C.E.","Maria do Carmo Estanislau do Amaral"
"Sudeste","Sudeste_1",2,"Bittrich","V.","Volker Bittrich"
"Sudeste","Sudeste_1",3,"Faria","A.D.","Aparecida Donisete de Faria"
"Sudeste","Sudeste_1",4,"Anderson","L.O.","Liana Oighenstein Anderson"
"Sudeste","Sudeste_1",5,"Aona","L.Y.S.","Lidyane Yuriko Saleme Aona"
"Sudeste","Sudeste_2",1,"Pivari","M.O.D.","Marco Otávio Dias Pivari"
"Sudeste","Sudeste_2",2,"Oliveira","V.B.","Vitor Baptista de Oliveira"
"Sudeste","Sudeste_2",3,"Costa","F.M.","Flavio Magalhães Costa"
"Sudeste","Sudeste_2",4,"Ferreira","R.M.","Régis Moreira Ferreira"
"Sudeste","Sudeste_2",5,"Salino","A.","Alexandre Salino"
"Sudeste","Sudeste_3",1,"Pivari","M.O.D.","Marco Otávio Dias Pivari"
"Sudeste","Sudeste_3",2,"Salimena","F.R.G.","Fátima Regina Gonçalves Salimena"
"Sudeste","Sudeste_3",3,"Pott","V.J.","Vali Joana Pott"
"Sudeste","Sudeste_3",4,"Pott","A.","Arnildo Pott"
"Sudeste","Sudeste_4",1,"Rodrigues","M.E.F.","Maria Estefânia Fernandes Rodrigues"
"Sudeste","Sudeste_5",1,"Meyer","S.T.","Sylvia Therese Meyer"
"Sudeste","Sudeste_5",2,"Franceschinelli","E.V.","Edivani Villaron Franceschinelli"
"Sudeste","Sudeste_6",1,"Tavares","K.S.","Katia Sendra Tavares"
"Sudeste","Sudeste_7",1,"Tavares","K.S.","Katia Sendra Tavares"
"Sudeste","Sudeste_8",1,"Bove","C.P.","Claudia Petean Bove"
"Sudeste","Sudeste_8",2,"Gil","A.S.B.","Anrdré dos Santos Bragança Gil"
"Sudeste","Sudeste_8",3,"Moreira","C.B.","Claudio Barbosa Moreira"
"Sudeste","Sudeste_8",4,"Anjos","R.F.B.","Renata Fabiana Barros dos Anjos"
"Sudeste","Sudeste_9",1,"Ferreira","F.A.","Fernando Alves Ferreira"
"Sudeste","Sudeste_9",2,"Mormul","R.P.","Roger Paulo Mormul"
"Sudeste","Sudeste_9",3,"Pedralli","G.","Gilberto Pedralli"
"Sudeste","Sudeste_9",4,"Pott","V.J.","Vali Joana Pott"
"Sudeste","Sudeste_9",5,"Pott","A.","Arnildo Pott"
"Sudeste","Sudeste_10",1,"Barros","A.A.M.","Ana Angélica Monteiro de Barros"
"Sudeste","Sudeste_11",1,"Valadares","R.T.","Rodrigo Theófilo Valadares"
"Sudeste","Sudeste_11",2,"Souza","F.B.C.","Fabiana Baleeiro Coelho de Souza"
"Sudeste","Sudeste_11",3,"Castro","N.G.D.","Nathália Góes Duarte de Castro"
"Sudeste","Sudeste_11",4,"Peres","A.L.S.S.","Ana Lúcia Soares da Silva Peres"
"Sudeste","Sudeste_11",5,"Schneider","S.Z.","Solange Zanotti Schneider"
"Sudeste","Sudeste_11",6,"Martins","M.L.L.","Márcio Lacerda Lopes Martins"
"Sudeste","Sudeste_12",1,"Carvalho","F.T.","F. T. Carvalho"
"Sudeste","Sudeste_12",2,"Galo","M.L.B.T.","M. L. B. T. Galo"
"Sudeste","Sudeste_12",3,"Velini","E.D.","E. D. Velini"
"Sudeste","Sudeste_12",4,"Martins","D.","D. Martins"
"Sudeste","Sudeste_13",1,"Brandão","M.","Mitzi Brandão"
"Sudeste","Sudeste_13",2,"Laca-Buendia","J.P.","Júlio Pedro Laca-Buendia"
"Sudeste","Sudeste_13",3,"Gavilanes","M.L.","Manuel Losada Gavilanes"
"Sudeste","Sudeste_14",1,"Pivari","M.O.D.","Marco Otávio Dias Pivari"
"Sudeste","Sudeste_14",2,"Viana","P.L.","Pedro Lage Viana"
"Sudeste","Sudeste_14",3,"Leite","F.S.F.","Felipe Sá Fortes Leite"
"Sudeste","Sudeste_15",1,"Pedralli","G.","Gilberto Pedralli"
"Sudeste","Sudeste_15",2,"Gonçalves","A.P.S.","A. P. S. Gonçalves"
"Sudeste","Sudeste_16",1,"Pedralli","G.","Gilberto Pedralli"
"Sudeste","Sudeste_16",2,"Meyer","S.T.","Sylvia Therese Meyer"
"Sudeste","Sudeste_17",1,"Pedralli","G.","Gilberto Pedralli"
"Sudeste","Sudeste_17",2,"Meyer","S.T.","Sylvia Therese Meyer"
"Sudeste","Sudeste_17",3,"Teixeira","M.C.","Maria do Carmo Teixeira"
"Sudeste","Sudeste_17",4,"Stehmann","J.R.","João Renato Stehmann"
"Sudeste","Sudeste_18",1,"Warming","E.","Eugenius Warming"
"Sudeste","Sudeste_19",1,"Warming","E.","Eugenius Warming"
"Sudeste","Sudeste_20",1,"Bove","C.P.","Claudia Petean Bove"
"Sudeste","Sudeste_20",2,"Paz","J.","Josele Paz"
"Sudeste","Sudeste_21",1,"Gil","A.S.B.","André dos Santos Bragança Gil"
"Sudeste","Sudeste_21",2,"Bove","C.P.","Claudia Petean Bove"
"Sudeste","Sudeste_22",1,"Souza","W.O.","Wenia de Oliveira Souza"
"Sudeste","Sudeste_22",2,"Pena","N.T.L.","NelsonTúlio Lage Pena"
"Sudeste","Sudeste_22",3,"Garbin","M.L.","Mário Luís Garbin"
"Sudeste","Sudeste_22",4,"Alves-Araújo","A.","Anderson Alves-Araújo"
"Sudeste","Sudeste_23",1,"Almeida","G.W.","Graziele Wolff de Almeida"
"Sudeste","Sudeste_24",1,"Ikusima","I.","Isao Ikusima"
"Sudeste","Sudeste_24",2,"Gentil","J.G.","José Geraldo Gentil"
"Sudeste","Sudeste_25",1,"Pitelli","R.L.C.M.","R.L.C.M. Pitelli"
"Sudeste","Sudeste_25",2,"Toffaneli","C.M.","C.M. Toffaneli"
"Sudeste","Sudeste_25",3,"Vieira","E.A.","E.A. Vieira"
"Sudeste","Sudeste_25",4,"Pitelli","R.A.","R.A. Pitelli"
"Sudeste","Sudeste_25",5,"Velini","E.D.","E.D. Velini"
"Sul","Sul_1",1,"IRGANG","B.E.","Bruno Edgar Irgang"
"Sul","Sul_2",2,"TRINDADE, PEREIRA, ALBERTONI & PALMA-SILVA","C.R.T., S.A., E.F., C.","Claudio Rossano T. Trindade, Sabrina Amaral Pereira, Edélti Faria Albertoni & Cleber Palma-Silva"
"Sul","Sul_3",3,"GUTERRES, BECKER & SILVA JR.","J.G., L.B. & A.S.J.","Janete Guterres, Lisiane Becker & Amaury Silva Júnior"
"Sul","Sul_4",4,"AMATO, SPONCHIADO, SCHWARZBOLD","C.G., M., A.","Carla Gonçaves Amato, Margarete Sponchiado e Albana Schwarzbold"
"Sul","Sul_5",5,"LISBÔA & GASTAL JR.","F.F.L. & C.V.S.G.J","Fábio de Freitas Lisbôa & Cláudio Vinícius de Senna Gastal Júnior"
"Sul","Sul_6",6,"WURDIG; FREITAS","N.L.; S.M.F.","Norma Luiza Wurdig; Suzana Maria F. de Freitas"
"Sul","Sul_7",7,"KAFER; COLARES & HEFLER","D.S.; I.G. & S.M.","Daiane de Sena Kafer; Ioni Gonçalves Colares & Sonia Marisa Hefler"
"Sul","Sul_8",8,"ROLON, ROCHA, MALTCHIK","A.N., O., L.","Ana Silvia Rolon, Odete Rocha, Leonardo Maltchik"
"Sul","Sul_9",9,"SILVA","L.N.M","Linda Naura Macedo Silva"
"Sul","Sul_10",10,"Pesamosca","S.C.P","Silviane Cocco Pesamosca"
"Sul","Sul_11",11,"Oliveira","M.L.A.A.O.","Maria de Lourdes Abruzzi Aragão de Oliveira"
"Sul","Sul_12",12,"IRGANG; PEDRALLI & WAECHTER","B.E.; G.; J.L.","Bruno Edgar Irgang, Gilberto Pedralli & Jorge Luiz Waechter"
"Sul","Sul_13",13,"KAFER","D.S.","Daiane de Sena Kafer"
"Sul","Sul_14",14,"PEREIRA","S.A.","Sabrina Amaral Pereira"
"Sul","Sul_15",15,"PEREIRA, TRINDADE TRINDADE, ALBERTONI & PALMA-SILVA","S.A., C.R., E.F. & C.","Sabrina Amaral Pereira, Cláudio Rossano Trindade Trindade, Edélti Faria Albertoni and Cléber Palma-Silva"
"Sul","Sul_16",16,"SPELLMEIER, PÉRICO, FREITAS","J., E., E.M.","Jaqueline Spellmeier, Eduardo Périco, Elisete Maria de Freitas"
"Sul","Sul_17",17,"GALVANI, BAPTISTA","F.R., L.R.M.","Franncisco Renato Galvani, Luis Rios de Moura Baptista"
"Sul","Sul_18",18,"ROLON; HOMEM; MALTCHIK","A.S.R; H.F.H. ;L.M.","Ana Silvia Rolon, Henrique Flores Homem and Leonardo Maltchik "
"Sul","Sul_19",19,"ROLON; MALTCHIK; IRGANG","A.S.R.; L.M.; B.E.I.","Ana Silvia Rolon, Leonardo Maltchik, Bruno Edgar Irgang"
"Sul","Sul_20",20,"MAUHS, MARCHIORETTO, BUDKE","J.M.; M.S.M.; J.C.B.","Julian Mauhs, Maria Salete Marchioretto, Jean Carlos Budke"
"Sul","Sul_21",21,"BERTUZZI","T.B.","Tatiana Bertuzzi"
"Sul","Sul_22",22,"BERTOLUCI","V.D.M.B.","Vilma Daniela Mânica Bertoluci"
"Sul","Sul_23",,"ALVES, TAVARES, TREVISA","J.A.A., A.S., R.","Jonatha Alexandre Andrade Alves, Aldaléa Sprada Tavares, Rafael Trevisan"
"Sul","Sul_24",,"VEIGA","N.","Nivaldo da Veiga"
"Sul","Sul_25",,,"T.L.M, R.L.C.B e A. M","Tatiana Lobato de Magalhaes, Roseli Lopes da Costa Bortoluzzi e Adelar Mantovani"
"Sul","Sul_26",,,,"Manuela Bernardes Batista"
"Sul","Sul_27",,,,"Vanilde Citadini- Zanette e Aurélio José de Aguiar"
"Sul","Sul_28",,"SANTOS, THOMAZ","A.M., S.M.","Anderson Medeiros dos Santos e Sidinei Magela Thomaz"
"Sul","Sul_29",,"THOMAZ, BINI, SOUZA, KITA, CAMARGO","S.M., L.M., M.C., K.K., A.F.M.","Sidinei Magela Thomaz, Luiz Maurício Bini, Maria Conceição de Souza, Kazue Kawakita Kita, Antonio Fernando Monteiro Camargo"
"Sul","Sul_30",,"MURPHY, DICKINSON, WINGFIELD","K.J., G., R.A.","K.J. Murphy, G. Dickinson, R.A. Wingfield"
"Sul","Sul_31",,"ROCHA, MARTINS","D.C., D.","D.C. ROCHA, D. MARTINS"
"Sul","Sul_32",,"CERVI, BONA, LINSINGEN","A.C., C., L.V.","Armando Carlos Cervi, Cleusa Bona, Leonardo von Linsingen"
"Sul","Sul_33",,"THOMAZ, PAGIORO, BINI, SOUZA","S.M., T.A., L.M., D.C.","Sidinei M. Thomaz, Thomaz A. Pagioro, Luis M. Bini, Débora C. Souza"
"Sul","Sul_34",,"LUDWIG et al.","T.A.V.","Thelma Alvim Veiga Ludwig et. Al"
"Sul","Sul_35",,"SILVA","S.C.A.","Suelen Cristina Alves da Silva"
"Sul","Sul_36",,"KITA, SOUZA","K.K., M.C.","Kazue Kawakita Kita e Maria Conceição de Souza"
"Sul","Sul_37",,"FERREIRA, A.F.; MORMUL, R.P.; THOMAZ, S.M.; POTT, A.; POTT, V.J. ",,"Fernando Alves Ferreira, Roger Paulo Mormul, Sidinei Magela Thomaz, Arnildo Pott & Vali Joana Pott"
"Sul","Sul_38",,"MORMUL, P.R.; FERREIRA, F.A.; MICHELAN, T.S.; CARVALHO, P.; SILVEIRA, J.M.; THOMAZ, S.M.",,"Roger Paulo Mormul, Fernando Alves Ferreira, Thaisa Sala Michelan, Priscilla Carvalho, Marcio José Silveira & Sidinei Magela Thomaz"
